{
  "config": {
    "name": "isoflop_k6_longer_ctx",
    "description": "K=6, seq=1536 (same tokens/timeline as K=4@1024)",
    "dim": 512,
    "num_heads": 8,
    "num_layers": 14,
    "num_hyper_nodes": 6,
    "router_temperature": 1.0,
    "router_type": "linear",
    "use_local_rope": true,
    "use_mixed_rope": false,
    "block_pattern": null,
    "num_steps": 125000,
    "batch_size": 1,
    "grad_accum": 16,
    "seq_len": 1536,
    "lr": 0.0003,
    "patience": 5,
    "dataset": "pg19",
    "eval_seq_lens": null,
    "use_rope_freq_exploration": false,
    "rope_freq_range": [
      1.0,
      4.0
    ]
  },
  "ablation_params": {
    "router_type": "linear",
    "use_local_rope": true,
    "use_mixed_rope": false,
    "block_pattern": "SSSSSSSSSSSSSS",
    "num_layers": 14,
    "seq_len": 1536,
    "eval_seq_lens": null
  },
  "gpu_id": 2,
  "steps": [
    500,
    1000,
    1500,
    2000,
    2500,
    3000,
    3500,
    4000,
    4500,
    5000,
    5500,
    6000,
    6500,
    7000,
    7500,
    8000,
    8500,
    9000,
    9500,
    10000,
    10500,
    11000,
    11500,
    12000,
    12500,
    13000,
    13500,
    14000,
    14500,
    15000,
    15500,
    16000,
    16500,
    17000,
    17500,
    18000,
    18500,
    19000,
    19500,
    20000,
    20500,
    21000,
    21500,
    22000,
    22500,
    23000,
    23500,
    24000,
    24500,
    25000,
    25500,
    26000,
    26500,
    27000,
    27500,
    28000,
    28500,
    29000,
    29500,
    30000,
    30500,
    31000,
    31500,
    32000,
    32500,
    33000,
    33500,
    34000,
    34500,
    35000,
    35500,
    36000,
    36500,
    37000,
    37500,
    38000,
    38500,
    39000,
    39500,
    40000,
    40500,
    41000,
    41500,
    42000,
    42500,
    43000,
    43500,
    44000,
    44500,
    45000,
    45500,
    46000,
    46500,
    47000,
    47500,
    48000,
    48500,
    49000,
    49500,
    50000,
    50500,
    51000,
    51500,
    52000,
    52500,
    53000,
    53500,
    54000,
    54500,
    55000,
    55500,
    56000
  ],
  "train_loss": [
    5.833032760679722,
    5.569467409215868,
    5.425306678526104,
    5.283250032261014,
    5.158214178539812,
    4.986578909114003,
    4.940549557894468,
    4.733256968952715,
    4.753716592088342,
    4.707717047020793,
    4.651205753028393,
    4.633037651628256,
    4.501725661680102,
    4.512658313944936,
    4.162564197644591,
    4.402560759358108,
    4.358878526866436,
    4.301042634278536,
    4.2905335826575755,
    4.257321785569191,
    4.3287108920663595,
    4.140182067871094,
    4.290573457710445,
    4.18104892796278,
    4.2273655548542735,
    4.1029216964691875,
    4.172118551939726,
    4.0960357472673055,
    4.076219098709523,
    4.034126749545336,
    4.011668598584831,
    4.011969247110188,
    3.983600529335439,
    3.866887068685144,
    3.9919303431026636,
    3.95645226502046,
    3.9931336426511406,
    3.9999534903764724,
    3.885375533647835,
    3.913839930601418,
    3.928689271166921,
    3.7697379733137786,
    3.76660162775591,
    3.9314949906654655,
    3.854962165825069,
    3.7194105321615933,
    3.8856931277662516,
    3.626476822510362,
    3.8341787049174307,
    3.859880597703159,
    3.4180986508131026,
    3.6709166234955193,
    3.599413993343711,
    3.839182455942035,
    3.745042911875993,
    3.812198955334723,
    3.7639801367893817,
    3.8221524964645504,
    3.8272984026297925,
    3.790032605469227,
    3.823127072907984,
    3.7254946738258004,
    3.7731455735191703,
    3.693050376176834,
    3.7712243142649533,
    3.7215504933968186,
    3.56834087523818,
    3.744787579454482,
    3.762693214960396,
    3.643508553557098,
    3.5808188968226315,
    3.7377114124149085,
    3.6296937146522104,
    3.6530636514239014,
    3.6305800533741714,
    3.582220677785575,
    3.688433303400874,
    3.6750193268582225,
    3.6466217724233867,
    3.639392021782696,
    3.6571797316223384,
    3.6287432131022217,
    3.5701637308895586,
    3.581819931495935,
    3.642278469108045,
    3.608261206842959,
    3.6412910153344273,
    3.5408924318552017,
    3.4036723786741496,
    3.613831619612873,
    3.6237926585674285,
    3.6434894684404133,
    3.629648387014866,
    3.493623044010252,
    3.537836077246815,
    3.5637257112711667,
    3.512953590169549,
    3.550407613657415,
    3.5974329792186617,
    3.5108099616281687,
    3.5483548258580266,
    3.4169386622980236,
    3.62233733599633,
    3.50668438886106,
    3.571145730428398,
    3.4333679459393025,
    3.5086432834900916,
    3.521567932341248,
    3.5237403178662063,
    3.5344353592023254,
    3.568134500965476,
    3.5314955523088574
  ],
  "val_loss": [
    5.3833274650573735,
    4.906703476905823,
    4.718549485206604,
    4.774388718605041,
    4.4779993915557865,
    4.424121170043946,
    4.370902400016785,
    4.311613140106201,
    4.276940579414368,
    4.278185868263245,
    4.192453961372376,
    4.125297598838806,
    4.172990555763245,
    4.128195242881775,
    4.115553617477417,
    4.075113096237183,
    4.1226775217056275,
    4.084640693664551,
    4.070847516059875,
    4.039244928359985,
    4.063586988449097,
    4.027640600204467,
    4.002063121795654,
    4.038305244445801,
    4.102777857780456,
    4.007349815368652,
    4.012009792327881,
    4.019957976341248
  ],
  "total_time": 50536.0069463253,
  "best_val_loss": 4.002063121795654,
  "best_step": 46000,
  "final_step": 56000,
  "early_stopped": true
}