{
  "config": {
    "name": "rope_local_k4",
    "description": "Timeline-local RoPE (positions reset per timeline)",
    "dim": 512,
    "num_heads": 8,
    "num_layers": 14,
    "num_hyper_nodes": 4,
    "router_temperature": 1.0,
    "router_type": "linear",
    "use_local_rope": true,
    "use_mixed_rope": false,
    "block_pattern": null,
    "num_steps": 100000,
    "batch_size": 1,
    "grad_accum": 16,
    "seq_len": 1024,
    "lr": 0.0003,
    "patience": 5,
    "dataset": "pg19",
    "eval_seq_lens": null
  },
  "ablation_params": {
    "router_type": "linear",
    "use_local_rope": true,
    "use_mixed_rope": false,
    "block_pattern": "SSSSSSSSSSSSSS",
    "num_layers": 14,
    "seq_len": 1024,
    "eval_seq_lens": null
  },
  "gpu_id": 6,
  "steps": [
    20500,
    21000,
    21500,
    22000,
    22500,
    23000,
    23500,
    24000,
    24500,
    25000,
    25500,
    26000,
    26500,
    27000,
    27500,
    28000,
    28500,
    29000,
    29500,
    30000,
    30500,
    31000,
    31500,
    32000,
    32500,
    33000,
    33500,
    34000,
    34500,
    35000,
    35500,
    36000,
    36500,
    37000,
    37500,
    38000,
    38500,
    39000,
    39500,
    40000,
    40500,
    41000,
    41500,
    42000,
    42500,
    43000,
    43500,
    44000,
    44500,
    45000,
    45500,
    46000,
    46500,
    47000,
    47500,
    48000,
    48500,
    49000,
    49500,
    50000,
    50500,
    51000,
    51500,
    52000,
    52500,
    53000,
    53500,
    54000,
    54500,
    55000,
    55500,
    56000,
    56500,
    57000,
    57500,
    58000,
    58500,
    59000,
    59500,
    60000,
    60500,
    61000,
    61500,
    62000,
    62500,
    63000,
    63500,
    64000,
    64500,
    65000,
    65500,
    66000
  ],
  "train_loss": [
    3.60837057082355,
    3.902325291093439,
    3.8829732025936248,
    3.945202668175101,
    3.86653664849326,
    3.9079284937828778,
    3.868372923709452,
    3.9110272973142566,
    3.8141443325094877,
    3.8620151976644994,
    3.804746588703245,
    3.7004768927395344,
    3.849220863647759,
    3.767783487200737,
    3.7858982587531207,
    3.683024751126766,
    3.9389928693771363,
    3.817653025761247,
    3.7282099579125645,
    3.8011324919611216,
    3.6936460572183134,
    3.4104863495379685,
    3.5402852806821468,
    3.7007493153363464,
    3.646588122099638,
    3.6580328981354833,
    3.641862826511264,
    3.6346756971105934,
    3.6375026342719794,
    3.621423918642104,
    3.716163127250969,
    3.642437224179506,
    3.567754837818444,
    3.7040513584651054,
    3.664300988925621,
    3.583605028036982,
    3.6850308388844133,
    3.618007478374988,
    3.52492999394238,
    3.575255932249129,
    3.5791874565929174,
    3.6011773374713956,
    3.592212600171566,
    3.61550555062294,
    3.537631341025233,
    3.493216179892421,
    3.6220180372595787,
    3.5080215399861334,
    3.5062234469205142,
    3.5549044341370464,
    3.3573791946806013,
    3.5038097672499715,
    3.5993165821619333,
    3.481879887111485,
    3.553210622444749,
    3.6121160444021223,
    3.5545821295008064,
    3.4413058009147646,
    3.5422635924443604,
    3.438352747395635,
    3.4968159377127885,
    3.2884009896665813,
    3.5434811294563113,
    3.4102568078041076,
    3.4502425835039467,
    3.5261030548252164,
    3.4453567399680614,
    3.4159855392985046,
    3.3723755008764567,
    3.5172961888834835,
    3.3698442406356333,
    3.2391133491694926,
    3.487709665399045,
    3.5071318570002914,
    3.4871547813583166,
    3.184788496173918,
    2.771313409887254,
    3.479194254271686,
    3.1824939518868924,
    3.4953317159824073,
    3.481483091324568,
    3.3616224714554845,
    3.5038242576122283,
    3.509820440426469,
    3.4135852549895644,
    3.546063822679222,
    3.4718873126655816,
    3.5566837971806526,
    3.48095472034812,
    3.4237850438691675,
    3.532595087043941,
    3.451924714758992
  ],
  "val_loss": [
    4.144723157882691,
    4.1668468904495235,
    4.045350885391235,
    4.101734404563904,
    4.048647770881653,
    4.159151616096497,
    4.003769235610962,
    4.044421157836914,
    4.0082019376754765,
    4.003732953071594,
    3.980209512710571,
    4.005078935623169,
    3.975325665473938,
    3.8576968812942507,
    3.9911904621124266,
    3.9173521518707277,
    3.901934266090393,
    3.8430514192581176,
    4.043639211654663,
    3.8903967046737673,
    3.8714262294769286,
    3.857859687805176,
    3.8460819911956787
  ],
  "total_time": 40897.89160013199,
  "best_val_loss": 3.8430514192581176,
  "best_step": 56000,
  "final_step": 66000,
  "early_stopped": true
}