{
  "config": {
    "name": "router_mlp",
    "description": "2-layer MLP router (feature extraction + head)",
    "dim": 512,
    "num_heads": 8,
    "num_layers": 14,
    "num_hyper_nodes": 6,
    "router_temperature": 1.0,
    "router_type": "mlp",
    "use_local_rope": true,
    "use_mixed_rope": false,
    "block_pattern": null,
    "num_steps": 100000,
    "batch_size": 1,
    "grad_accum": 16,
    "seq_len": 1024,
    "lr": 0.0003,
    "patience": 5,
    "dataset": "pg19",
    "eval_seq_lens": null
  },
  "ablation_params": {
    "router_type": "mlp",
    "use_local_rope": true,
    "use_mixed_rope": false,
    "block_pattern": "SSSSSSSSSSSSSS",
    "num_layers": 14,
    "seq_len": 1024,
    "eval_seq_lens": null
  },
  "gpu_id": 5,
  "steps": [
    20500,
    21000,
    21500,
    22000,
    22500,
    23000,
    23500,
    24000,
    24500,
    25000,
    25500,
    26000,
    26500,
    27000,
    27500,
    28000,
    28500,
    29000,
    29500,
    30000,
    30500,
    31000,
    31500,
    32000,
    32500,
    33000,
    33500,
    34000,
    34500,
    35000,
    35500,
    36000
  ],
  "train_loss": [
    3.7389428346715867,
    4.039215144064277,
    4.019162652820349,
    4.083324239462614,
    4.0055285804010925,
    4.056187295302749,
    4.016410629369319,
    4.0546127264350655,
    3.9598808868005873,
    4.00906679469347,
    3.948284607566893,
    3.853281329706311,
    3.9888521705642344,
    3.930291022375226,
    3.936464064843953,
    3.830542415380478,
    4.084867563590407,
    3.9678309205919504,
    3.878412112876773,
    3.9512834573090077,
    3.844625109344721,
    3.5599010841995478,
    3.697741470865905,
    3.8553887457177045,
    3.795148044042289,
    3.810918352171779,
    3.799414257250726,
    3.7923007249832152,
    3.7958073757737876,
    3.767557029500604,
    3.869528165310621,
    3.792776316739619
  ],
  "val_loss": [
    4.305699577331543,
    4.386674118041992,
    4.241517362594604,
    4.34969856262207,
    4.247969975471497,
    4.413143572807312,
    4.289077739715577,
    4.30019181728363
  ],
  "total_time": 14305.226454257965,
  "best_val_loss": 4.241517362594604,
  "best_step": 26000,
  "final_step": 36000,
  "early_stopped": true
}