{
  "config": {
    "name": "router_linear",
    "description": "Linear router (baseline)",
    "dim": 512,
    "num_heads": 8,
    "num_layers": 14,
    "num_hyper_nodes": 6,
    "router_temperature": 1.0,
    "router_type": "linear",
    "use_local_rope": true,
    "use_mixed_rope": false,
    "block_pattern": null,
    "num_steps": 100000,
    "batch_size": 1,
    "grad_accum": 16,
    "seq_len": 1024,
    "lr": 0.0003,
    "patience": 5,
    "dataset": "pg19",
    "eval_seq_lens": null
  },
  "ablation_params": {
    "router_type": "linear",
    "use_local_rope": true,
    "use_mixed_rope": false,
    "block_pattern": "SSSSSSSSSSSSSS",
    "num_layers": 14,
    "seq_len": 1024,
    "eval_seq_lens": null
  },
  "gpu_id": 4,
  "steps": [
    20500,
    21000,
    21500,
    22000,
    22500,
    23000,
    23500,
    24000,
    24500,
    25000,
    25500,
    26000,
    26500,
    27000,
    27500,
    28000,
    28500,
    29000,
    29500,
    30000,
    30500,
    31000,
    31500,
    32000,
    32500,
    33000,
    33500,
    34000,
    34500,
    35000,
    35500,
    36000,
    36500,
    37000,
    37500,
    38000,
    38500,
    39000,
    39500,
    40000,
    40500,
    41000,
    41500,
    42000,
    42500,
    43000,
    43500,
    44000,
    44500,
    45000,
    45500,
    46000,
    46500,
    47000,
    47500,
    48000,
    48500,
    49000,
    49500,
    50000,
    50500,
    51000,
    51500,
    52000,
    52500,
    53000,
    53500,
    54000,
    54500,
    55000,
    55500,
    56000,
    56500,
    57000,
    57500,
    58000
  ],
  "train_loss": [
    3.7111047900393603,
    4.012127601245418,
    3.9928434045128522,
    4.0566543179899455,
    3.9792907180860637,
    4.026177656136453,
    3.9883451664149763,
    4.027172231219709,
    3.932434849653393,
    3.9805553853958844,
    3.921943367578089,
    3.824135425671935,
    3.9617569700852036,
    3.8992779239863156,
    3.9066615803018214,
    3.8024246678650377,
    4.058345089294017,
    3.9398918449878693,
    3.8507934687286616,
    3.922800137266517,
    3.8170686554834248,
    3.5308890484422446,
    3.667865791775286,
    3.8250279367417095,
    3.76747104498744,
    3.7833088656142353,
    3.7707695854380727,
    3.764156855352223,
    3.76611064953357,
    3.740782498858869,
    3.8419998062178493,
    3.765343490347266,
    3.691371709600091,
    3.828415525943041,
    3.7808401943407954,
    3.706559747543186,
    3.8082726193293928,
    3.7425640115998684,
    3.64889968392998,
    3.705724355638027,
    3.7073497061431406,
    3.7237884693220256,
    3.714111395433545,
    3.7342588202208282,
    3.6579037203863263,
    3.6169325110912323,
    3.7486352045089006,
    3.627907042786479,
    3.6269033795595167,
    3.676775859080255,
    3.4708832029551266,
    3.623094166845083,
    3.7238771781474354,
    3.603200471609831,
    3.6701435999423264,
    3.7325616778954864,
    3.6790992622449994,
    3.5613544917702673,
    3.6623678753077984,
    3.5648209676370026,
    3.616507546842098,
    3.401411962788552,
    3.6612915132418276,
    3.525867405951023,
    3.567019529910758,
    3.648037547029555,
    3.561980974070728,
    3.5277813803926112,
    3.4872446354478597,
    3.6377637126371263,
    3.487498529560864,
    3.3516695940420034,
    3.6026646159142257,
    3.6200699209868907,
    3.6020409284234045,
    3.31353652523458
  ],
  "val_loss": [
    4.24979766368866,
    4.272462725639343,
    4.160373034477234,
    4.22352810382843,
    4.167636432647705,
    4.285262594223022,
    4.1195831203460695,
    4.1605352735519405,
    4.124906764030457,
    4.121763386726379,
    4.102596316337586,
    4.121557931900025,
    4.108536763191223,
    3.977739067077637,
    4.147553639411926,
    4.055225205421448,
    4.023434195518494,
    3.981088318824768,
    4.202081589698792
  ],
  "total_time": 34094.311106681824,
  "best_val_loss": 3.977739067077637,
  "best_step": 48000,
  "final_step": 58000,
  "early_stopped": true
}