{
  "config": {
    "name": "sparse_k4",
    "description": "Pure sparse, K=4 timelines",
    "dim": 512,
    "num_heads": 8,
    "num_layers": 14,
    "num_hyper_nodes": 4,
    "router_temperature": 1.0,
    "router_type": "linear",
    "use_local_rope": true,
    "use_mixed_rope": false,
    "block_pattern": null,
    "num_steps": 100000,
    "batch_size": 1,
    "grad_accum": 16,
    "seq_len": 1024,
    "lr": 0.0003,
    "patience": 5,
    "dataset": "pg19",
    "eval_seq_lens": null
  },
  "ablation_params": {
    "router_type": "linear",
    "use_local_rope": true,
    "use_mixed_rope": false,
    "block_pattern": "SSSSSSSSSSSSSS",
    "num_layers": 14,
    "seq_len": 1024,
    "eval_seq_lens": null
  },
  "gpu_id": 0,
  "steps": [
    20500,
    21000,
    21500,
    22000,
    22500,
    23000,
    23500,
    24000,
    24500,
    25000,
    25500,
    26000,
    26500,
    27000,
    27500,
    28000,
    28500,
    29000,
    29500,
    30000,
    30500,
    31000,
    31500,
    32000,
    32500,
    33000,
    33500,
    34000,
    34500,
    35000,
    35500,
    36000,
    36500,
    37000,
    37500,
    38000,
    38500,
    39000,
    39500,
    40000,
    40500,
    41000,
    41500,
    42000,
    42500,
    43000,
    43500,
    44000,
    44500,
    45000,
    45500,
    46000,
    46500,
    47000,
    47500,
    48000,
    48500,
    49000,
    49500,
    50000,
    50500,
    51000,
    51500,
    52000,
    52500,
    53000,
    53500,
    54000,
    54500,
    55000,
    55500,
    56000,
    56500,
    57000,
    57500,
    58000,
    58500,
    59000,
    59500,
    60000,
    60500,
    61000,
    61500,
    62000,
    62500,
    63000,
    63500,
    64000,
    64500,
    65000,
    65500,
    66000
  ],
  "train_loss": [
    3.6077707038000226,
    3.900937747705728,
    3.875268535461277,
    3.938812258630991,
    3.861093818552792,
    3.905152597911656,
    3.8654347375929357,
    3.9081903762072323,
    3.810920475684106,
    3.8576053623110056,
    3.801530018046498,
    3.6981752608940006,
    3.8446234446465968,
    3.763402233392,
    3.782625540226698,
    3.6807418130189182,
    3.9364348530992865,
    3.814090135246515,
    3.7255418762713672,
    3.7996423093825578,
    3.691410535529256,
    3.408099479436874,
    3.536789285548031,
    3.6984572698101403,
    3.642041204087436,
    3.6576626737490296,
    3.639524780407548,
    3.632485313616693,
    3.635834241978824,
    3.617599549550563,
    3.712755255639553,
    3.6391403715088964,
    3.5653624178022145,
    3.7009523891210554,
    3.6603455413393675,
    3.5805041997507217,
    3.680976076297462,
    3.61439613987878,
    3.5220358519181607,
    3.5736792317330837,
    3.5785378494635225,
    3.598217671934515,
    3.587663919623941,
    3.6116870652362705,
    3.5372677753046156,
    3.490212514594197,
    3.618622100189328,
    3.502457146130502,
    3.5038695590272546,
    3.5521706668660045,
    3.3548361906372013,
    3.5012064867056907,
    3.595272293590009,
    3.477386711329222,
    3.550864677384496,
    3.608303401902318,
    3.5515687844380737,
    3.4383770575746895,
    3.538372294381261,
    3.4363184494301677,
    3.4932467176169157,
    3.286690720319748,
    3.540897289350629,
    3.4082849860042335,
    3.448428823963739,
    3.5241068914718925,
    3.4401271699666975,
    3.412341670975089,
    3.3698837617598474,
    3.5129857799857853,
    3.3683125264160334,
    3.237467251136899,
    3.484274523660541,
    3.5050365635305645,
    3.4845973717626184,
    3.182529174301773,
    2.7697279286831615,
    3.4761115899309516,
    3.1776319013945757,
    3.4925224339812995,
    3.478139462646097,
    3.3577728450857105,
    3.5002374772801996,
    3.5072545025274158,
    3.41038062261045,
    3.5437628596276043,
    3.470764384586364,
    3.5541732935011385,
    3.477411810398102,
    3.4180338441245257,
    3.528869747135788,
    3.448836146853864
  ],
  "val_loss": [
    4.1355034399032595,
    4.158421921730041,
    4.045778102874756,
    4.095195379257202,
    4.038335700035095,
    4.1632958507537845,
    4.0045245122909545,
    4.033288416862487,
    4.000867099761963,
    3.994247407913208,
    3.975272579193115,
    3.9855409049987793,
    3.9789593696594237,
    3.868138999938965,
    4.020117754936218,
    3.9175201559066775,
    3.9058351373672484,
    3.8555826807022093,
    4.0656349039077755,
    3.8825804471969603,
    3.876538186073303,
    3.871167163848877,
    3.869602293968201
  ],
  "total_time": 42656.68995809555,
  "best_val_loss": 3.8555826807022093,
  "best_step": 56000,
  "final_step": 66000,
  "early_stopped": true
}