{
  "config": {
    "name": "sparse_k6",
    "description": "Pure sparse, K=6 timelines",
    "dim": 512,
    "num_heads": 8,
    "num_layers": 14,
    "num_hyper_nodes": 6,
    "router_temperature": 1.0,
    "router_type": "linear",
    "use_local_rope": true,
    "use_mixed_rope": false,
    "block_pattern": null,
    "num_steps": 100000,
    "batch_size": 1,
    "grad_accum": 16,
    "seq_len": 1024,
    "lr": 0.0003,
    "patience": 5,
    "dataset": "pg19",
    "eval_seq_lens": null
  },
  "ablation_params": {
    "router_type": "linear",
    "use_local_rope": true,
    "use_mixed_rope": false,
    "block_pattern": "SSSSSSSSSSSSSS",
    "num_layers": 14,
    "seq_len": 1024,
    "eval_seq_lens": null
  },
  "gpu_id": 1,
  "steps": [
    28500,
    29000,
    29500,
    30000,
    30500,
    31000,
    31500,
    32000,
    32500,
    33000,
    33500,
    34000,
    34500,
    35000,
    35500,
    36000,
    36500,
    37000,
    37500,
    38000,
    38500,
    39000,
    39500,
    40000,
    40500,
    41000,
    41500,
    42000,
    42500,
    43000,
    43500,
    44000,
    44500,
    45000,
    45500,
    46000,
    46500,
    47000,
    47500,
    48000,
    48500,
    49000,
    49500,
    50000,
    50500,
    51000,
    51500,
    52000
  ],
  "train_loss": [
    3.609788191212341,
    3.89969491571188,
    3.8913442954048514,
    3.9529961187019946,
    3.8804122626930475,
    3.922794474452734,
    3.888560821585357,
    3.930613863136619,
    3.8417055880613624,
    3.8926155379116536,
    3.836108635034412,
    3.745252414777875,
    3.884810606069863,
    3.821712706044316,
    3.83129244376719,
    3.7307941657155754,
    3.9868749045804144,
    3.871692942664027,
    3.785174637541175,
    3.855877386175096,
    3.750706670731306,
    3.4750594056025146,
    3.6059704270884394,
    3.7679245189353825,
    3.70762650886178,
    3.7239781101346017,
    3.7108001764789225,
    3.7074556367099287,
    3.710065224952996,
    3.688883142478764,
    3.7902374737784266,
    3.7164861698672174,
    3.640494040593505,
    3.780135326720774,
    3.7433382664937525,
    3.655558776471764,
    3.7591464984752236,
    3.695934290505946,
    3.6017252854444086,
    3.6579151363894344,
    3.6243135944493114,
    3.6534139204882083,
    3.648979806724936,
    3.6721223871409894,
    3.5971639761924745,
    3.5502003226280214,
    3.6797015144899485,
    3.567573351122439
  ],
  "val_loss": [
    4.167376708984375,
    4.214537801742554,
    4.086043858528138,
    4.154884252548218,
    4.101115126609802,
    4.241250052452087,
    4.072341012954712,
    4.122778286933899,
    4.0883690357208256,
    4.115315656661988,
    4.0908215141296385,
    4.090809507369995
  ],
  "total_time": 21526.95512318611,
  "best_val_loss": 4.072341012954712,
  "best_step": 42000,
  "final_step": 52000,
  "early_stopped": true
}