{
  "config": {
    "name": "temp_1.0_k6",
    "description": "K=6, temperature=1.0 (baseline)",
    "dim": 512,
    "num_heads": 8,
    "num_layers": 14,
    "num_hyper_nodes": 6,
    "router_temperature": 1.0,
    "router_type": "linear",
    "use_local_rope": true,
    "use_mixed_rope": false,
    "block_pattern": null,
    "num_steps": 100000,
    "batch_size": 1,
    "grad_accum": 16,
    "seq_len": 1024,
    "lr": 0.0003,
    "patience": 5,
    "dataset": "pg19",
    "eval_seq_lens": null
  },
  "ablation_params": {
    "router_type": "linear",
    "use_local_rope": true,
    "use_mixed_rope": false,
    "block_pattern": "SSSSSSSSSSSSSS",
    "num_layers": 14,
    "seq_len": 1024,
    "eval_seq_lens": null
  },
  "gpu_id": 3,
  "steps": [
    28500,
    29000,
    29500,
    30000,
    30500,
    31000,
    31500,
    32000,
    32500,
    33000,
    33500,
    34000,
    34500,
    35000,
    35500,
    36000,
    36500,
    37000,
    37500,
    38000,
    38500,
    39000,
    39500,
    40000,
    40500,
    41000,
    41500,
    42000,
    42500,
    43000,
    43500,
    44000,
    44500,
    45000,
    45500,
    46000,
    46500,
    47000,
    47500,
    48000,
    48500,
    49000,
    49500,
    50000,
    50500,
    51000,
    51500,
    52000,
    52500,
    53000,
    53500,
    54000,
    54500,
    55000,
    55500,
    56000,
    56500,
    57000,
    57500,
    58000,
    58500,
    59000,
    59500,
    60000,
    60500,
    61000,
    61500,
    62000,
    62500,
    63000,
    63500,
    64000,
    64500,
    65000,
    65500,
    66000,
    66500,
    67000,
    67500,
    68000,
    68500,
    69000,
    69500,
    70000,
    70500,
    71000,
    71500,
    72000,
    72500,
    73000,
    73500,
    74000
  ],
  "train_loss": [
    3.617457039691508,
    3.9063416878599675,
    3.9003471379354595,
    3.959787483304739,
    3.886438824981451,
    3.9291705960482357,
    3.8948002841323612,
    3.937752945713699,
    3.8478152046613396,
    3.900020290657878,
    3.8430731725282965,
    3.752091253571212,
    3.892201494850218,
    3.8266977299004794,
    3.837086067713797,
    3.7363162986189127,
    3.994347615547478,
    3.877511066168547,
    3.7913551571667194,
    3.861750898644328,
    3.7554407451599836,
    3.4835104633644223,
    3.612135014332831,
    3.773300047278404,
    3.71366373937577,
    3.7310191801339387,
    3.71745217525959,
    3.7123341989964245,
    3.717209740780294,
    3.695340264193714,
    3.7961365591958165,
    3.7230390501394868,
    3.6458054983466863,
    3.7865631616413595,
    3.747611691765487,
    3.665269749145955,
    3.7659052293896673,
    3.701496733162552,
    3.606826131876558,
    3.660801749244332,
    3.628663173735142,
    3.6583434202075003,
    3.6545141712278126,
    3.678478181257844,
    3.6021284312680364,
    3.5534994357675314,
    3.6854961466491223,
    3.5732537461668255,
    3.5651937109157443,
    3.620554075717926,
    3.41568302981928,
    3.5697927647084,
    3.6656987155526877,
    3.5374170141592622,
    3.6192344882637264,
    3.6814049050100146,
    3.6425007726624608,
    3.5310322930887343,
    3.630313707664609,
    3.533185568317771,
    3.5848842064067723,
    3.3745465640351178,
    3.635297952748835,
    3.499366469219327,
    3.5387721594795583,
    3.620525324422866,
    3.533784113995731,
    3.501919741280377,
    3.4611860220432282,
    3.610981906577945,
    3.4649999680519104,
    3.328717273078859,
    3.576919930450618,
    3.596642117910087,
    3.57722134792991,
    3.2908895483538507,
    2.884797657251358,
    3.5709821558520196,
    3.2723716413006185,
    3.585997794087976,
    3.571547617983073,
    3.4483797379359604,
    3.5938871006518602,
    3.5986696648448704,
    3.50318349660933,
    3.6373562175780534,
    3.564729669384658,
    3.6518505814149975,
    3.5702878693938254,
    3.520257355980575,
    3.626236983694136,
    3.545853045783937
  ],
  "val_loss": [
    4.161095185279846,
    4.20431613445282,
    4.090709800720215,
    4.163355360031128,
    4.108401465415954,
    4.223794841766358,
    4.084556341171265,
    4.124661374092102,
    4.087857489585876,
    4.102466564178467,
    4.0620927810668945,
    4.139821438789368,
    4.096241035461426,
    3.9673826694488525,
    4.142619671821595,
    4.033181805610656,
    4.072935285568238,
    3.9562801837921144,
    4.276757779121399,
    4.028698043823242,
    4.035499548912048,
    4.016995682716369,
    3.979791979789734
  ],
  "total_time": 41100.98075771332,
  "best_val_loss": 3.9562801837921144,
  "best_step": 64000,
  "final_step": 74000,
  "early_stopped": true
}