{
  "config": {
    "name": "temp_0.5_k6",
    "description": "K=6, temperature=0.5 (sharper routing)",
    "dim": 512,
    "num_heads": 8,
    "num_layers": 14,
    "num_hyper_nodes": 6,
    "router_temperature": 0.5,
    "router_type": "linear",
    "use_local_rope": true,
    "use_mixed_rope": false,
    "block_pattern": null,
    "num_steps": 100000,
    "batch_size": 1,
    "grad_accum": 16,
    "seq_len": 1024,
    "lr": 0.0003,
    "patience": 5,
    "dataset": "pg19",
    "eval_seq_lens": null
  },
  "ablation_params": {
    "router_type": "linear",
    "use_local_rope": true,
    "use_mixed_rope": false,
    "block_pattern": "SSSSSSSSSSSSSS",
    "num_layers": 14,
    "seq_len": 1024,
    "eval_seq_lens": null
  },
  "gpu_id": 2,
  "steps": [
    20500,
    21000,
    21500,
    22000,
    22500,
    23000,
    23500,
    24000,
    24500,
    25000,
    25500,
    26000,
    26500,
    27000,
    27500,
    28000,
    28500,
    29000,
    29500,
    30000,
    30500,
    31000,
    31500,
    32000,
    32500,
    33000,
    33500,
    34000,
    34500,
    35000,
    35500,
    36000,
    36500,
    37000,
    37500,
    38000,
    38500,
    39000,
    39500,
    40000,
    40500,
    41000,
    41500,
    42000,
    42500,
    43000,
    43500,
    44000,
    44500,
    45000,
    45500,
    46000,
    46500,
    47000,
    47500,
    48000,
    48500,
    49000,
    49500,
    50000,
    50500,
    51000,
    51500,
    52000,
    52500,
    53000,
    53500,
    54000,
    54500,
    55000,
    55500,
    56000,
    56500,
    57000,
    57500,
    58000,
    58500,
    59000,
    59500,
    60000,
    60500,
    61000,
    61500,
    62000,
    62500,
    63000,
    63500,
    64000,
    64500,
    65000,
    65500,
    66000
  ],
  "train_loss": [
    3.7415003965348004,
    4.037319312239066,
    4.018070489212871,
    4.080086435057223,
    4.003490334965289,
    4.0533189157620075,
    4.013642767682671,
    4.054897552348673,
    3.958234898917377,
    4.005504997491837,
    3.9446000330783426,
    3.848645105138421,
    3.9849043064340948,
    3.929030172660947,
    3.932927197575569,
    3.827732886508107,
    4.081052111007273,
    3.964314233586192,
    3.8739626428186895,
    3.9469433949440718,
    3.8410916638821364,
    3.557879941247404,
    3.696491595223546,
    3.8532884333729744,
    3.79211693033576,
    3.8045299244746564,
    3.794797085084021,
    3.7896091480404137,
    3.791725927427411,
    3.7637646662816406,
    3.866486892849207,
    3.788455534286797,
    3.7144376718178393,
    3.854272510036826,
    3.8033490511514247,
    3.73051312751323,
    3.8303807537779213,
    3.7678525420799853,
    3.671817756280303,
    3.732431436635554,
    3.730581342726946,
    3.7471349128484728,
    3.7377866027355195,
    3.7568834842294456,
    3.6798893729671835,
    3.642147888965905,
    3.7724945912212133,
    3.647052912734449,
    3.648852487824857,
    3.6990547028258445,
    3.4920899787954984,
    3.645841878362,
    3.744116997122765,
    3.626378154743463,
    3.6902084518224,
    3.7553509921766817,
    3.6994246722087265,
    3.5833570044711234,
    3.68230039139092,
    3.586342999815941,
    3.6390340739265086,
    3.4217029063813387,
    3.6816153093911708,
    3.5443169341385365,
    3.5871079994607715,
    3.667860621865839,
    3.580399111688137,
    3.5460551820509134,
    3.5034570367895066,
    3.6572869205474854,
    3.5070547711998223,
    3.3708668934702875,
    3.620873900387436,
    3.637811481885612,
    3.619332389578223,
    3.3352347293943168,
    2.9284012830108406,
    3.608728284738958,
    3.309427551038563,
    3.6231752417199314,
    3.60732676397264,
    3.485776958629489,
    3.630851512845606,
    3.635753063492477,
    3.53977292419225,
    3.6729146955907344,
    3.6002530533596873,
    3.688104551590979,
    3.603581432916224,
    3.5563527880758046,
    3.6591892841532827,
    3.579118079096079
  ],
  "val_loss": [
    4.282438192367554,
    4.308179397583007,
    4.177865834236145,
    4.242984552383422,
    4.189474248886109,
    4.294731912612915,
    4.143101234436035,
    4.1736647605896,
    4.130746192932129,
    4.139247055053711,
    4.123071947097778,
    4.137425961494446,
    4.130747957229614,
    4.006673564910889,
    4.183473691940308,
    4.0549909782409665,
    4.086574010848999,
    4.005280227661133,
    4.3058655643463135,
    4.039726400375367,
    4.008521490097046,
    4.029175033569336,
    4.014632039070129
  ],
  "total_time": 41372.583485126495,
  "best_val_loss": 4.005280227661133,
  "best_step": 56000,
  "final_step": 66000,
  "early_stopped": true
}