{
  "config": {
    "name": "isoflop_k4_baseline",
    "description": "K=4, 14 layers, 1024 seq (baseline for IsoFLOP)",
    "dim": 512,
    "num_heads": 8,
    "num_layers": 14,
    "num_hyper_nodes": 4,
    "router_temperature": 1.0,
    "router_type": "linear",
    "use_local_rope": true,
    "use_mixed_rope": false,
    "block_pattern": null,
    "num_steps": 187500,
    "batch_size": 1,
    "grad_accum": 16,
    "seq_len": 1024,
    "lr": 0.0003,
    "patience": 5,
    "dataset": "pg19",
    "eval_seq_lens": null,
    "use_rope_freq_exploration": false,
    "rope_freq_range": [
      1.0,
      4.0
    ]
  },
  "ablation_params": {
    "router_type": "linear",
    "use_local_rope": true,
    "use_mixed_rope": false,
    "block_pattern": "SSSSSSSSSSSSSS",
    "num_layers": 14,
    "seq_len": 1024,
    "eval_seq_lens": null
  },
  "gpu_id": 4,
  "steps": [
    500,
    1000,
    1500,
    2000,
    2500,
    3000,
    3500,
    4000,
    4500,
    5000,
    5500,
    6000,
    6500,
    7000,
    7500,
    8000,
    8500,
    9000,
    9500,
    10000,
    10500,
    11000,
    11500,
    12000,
    12500,
    13000,
    13500,
    14000,
    14500,
    15000,
    15500,
    16000,
    16500,
    17000,
    17500,
    18000,
    18500,
    19000,
    19500,
    20000,
    20500,
    21000,
    21500,
    22000,
    22500,
    23000,
    23500,
    24000,
    24500,
    25000,
    25500,
    26000,
    26500,
    27000,
    27500,
    28000,
    28500,
    29000,
    29500,
    30000,
    30500,
    31000,
    31500,
    32000,
    32500,
    33000,
    33500,
    34000,
    34500,
    35000,
    35500,
    36000,
    36500,
    37000,
    37500,
    38000,
    38500,
    39000,
    39500,
    40000,
    40500,
    41000,
    41500,
    42000,
    42500,
    43000,
    43500,
    44000,
    44500,
    45000,
    45500,
    46000,
    46500,
    47000,
    47500,
    48000,
    48500,
    49000,
    49500,
    50000,
    50500,
    51000,
    51500,
    52000,
    52500,
    53000,
    53500,
    54000,
    54500,
    55000,
    55500,
    56000,
    56500,
    57000,
    57500,
    58000,
    58500,
    59000,
    59500,
    60000,
    60500,
    61000,
    61500,
    62000
  ],
  "train_loss": [
    5.626126275397837,
    5.552344802349806,
    5.28692425879091,
    5.243485562562943,
    5.03325063662976,
    4.973210453882813,
    4.846700542725623,
    4.813091152131557,
    4.664460379265249,
    4.661111234933138,
    4.541437438100576,
    4.394914861887694,
    4.469033996686339,
    4.432767671436071,
    4.391331607058644,
    4.24654503262043,
    4.485392799705267,
    4.333783066689968,
    4.213607826828957,
    4.3073277093619105,
    4.164939865127206,
    3.871727918550372,
    3.9992852977365256,
    4.136664935037493,
    4.072440488435328,
    4.075574717462063,
    4.041550932347774,
    4.031535288132727,
    4.0297433459162715,
    3.9744591623321175,
    4.075435196436942,
    3.9799310447126626,
    3.8997170108780264,
    4.058518731914461,
    3.9884581910818815,
    3.9130177748501302,
    3.995092238381505,
    3.932945040434599,
    3.8301976029202343,
    3.905617117777467,
    3.861437760517001,
    3.862972467131913,
    3.841772315993905,
    3.8558532430008055,
    3.773604285798967,
    3.736426422916353,
    3.865476418353617,
    3.7224963865205645,
    3.728447910398245,
    3.774703062951565,
    3.561112531386316,
    3.71297602532804,
    3.8093937757574023,
    3.685157908078283,
    3.74483108984679,
    3.8066266587898134,
    3.7492934062629937,
    3.628403938934207,
    3.7249408739432694,
    3.620554163649678,
    3.6742820534184575,
    3.44853213006258,
    3.707108837209642,
    3.565562840141356,
    3.608536348134279,
    3.6887700247466566,
    3.6017601876705885,
    3.5578779695257543,
    3.518118148982525,
    3.672839980997145,
    3.514561296120286,
    3.374399635463953,
    3.6279317044615746,
    3.640294861905277,
    3.6203759915549307,
    3.320209091439843,
    2.894125602275133,
    3.6006421023383735,
    3.3047685924507677,
    3.613732115808874,
    3.598997895337641,
    3.47332659971714,
    3.617297427609563,
    3.6198358328565954,
    3.52293781593442,
    3.657086400605738,
    3.5832017837762833,
    3.6699857528358697,
    3.5863894785791635,
    3.5286253450810907,
    3.6349154449924828,
    3.5536311985105278,
    3.5208059425652025,
    3.5820995817556978,
    3.570804871276021,
    3.4488302257061005,
    3.5681855241470037,
    3.524572066187859,
    3.545624135419726,
    3.3467042110413314,
    3.507459683522582,
    3.506974623510614,
    3.559033476665616,
    3.538899725392461,
    3.427903975725174,
    3.4644653695896266,
    3.410723525866866,
    3.555874724164605,
    3.365427689522505,
    3.552092666067183,
    3.456016566507518,
    3.3957564420551063,
    3.4806490389481186,
    3.371152380343527,
    3.4914631170034407,
    3.4932215497121213,
    3.499453636944294,
    3.4870548545345663,
    3.45647911337018,
    3.4586895902976393,
    3.4523534313440325,
    3.4979072135537863,
    3.4391168689504266,
    3.420921977624297
  ],
  "val_loss": [
    5.347410449981689,
    5.157619495391845,
    4.6963007402420045,
    4.742213644981384,
    4.478063220977783,
    4.586551065444946,
    4.315617270469666,
    4.287506079673767,
    4.232357172966004,
    4.207562379837036,
    4.1628989362716675,
    4.1722194910049435,
    4.124009461402893,
    3.9831048393249513,
    4.12759090423584,
    4.021243381500244,
    4.005362329483032,
    3.9485452222824096,
    4.146965484619141,
    3.9725656652450563,
    3.9564228153228758,
    3.943419098854065,
    3.9242459678649904,
    3.9475383138656617,
    3.956314692497253,
    3.8787724208831786,
    3.9251793384552003,
    4.0109576940536495,
    3.9086075019836426,
    3.9097777366638184,
    3.911281714439392
  ],
  "total_time": 54273.25363993645,
  "best_val_loss": 3.8787724208831786,
  "best_step": 52000,
  "final_step": 62000,
  "early_stopped": true
}